n_periods,total_return_pct,cagr_pct,sharpe,max_drawdown_pct,win_rate_pct,avg_period_ret_bps,signal,n,direction,side
206,511.91026102005884,360623479850.80255,12.188054839516939,-18.67272229362348,56.79611650485437,95.72892778243839,chg_30m,5,momentum,short_only
206,142.7366819614176,4773068.784973519,9.240649121471144,-23.71783584081989,57.28155339805825,46.22377024605456,chg_30m,10,momentum,short_only
206,73.12094928073319,78529.18313727767,6.551201277941053,-15.580308056948521,58.252427184466015,29.183827354866818,chg_30m,15,momentum,short_only
206,137.4759944940332,3657579.2930930904,5.369615698767236,-32.711040340042366,56.310679611650485,55.04116056630005,chg_30m,5,reversion,short_only
206,89.09405021381286,229627.67072213886,5.151770761455521,-32.0567239478469,61.6504854368932,37.84716265497061,chg_1m,5,momentum,short_only
206,52.2614528666427,16426.814308687728,5.140096547271058,-19.765995745562982,55.33980582524271,22.900356508260348,chg_15m,10,momentum,short_only
206,47.037014001398944,10713.798739806838,5.1019141500552765,-15.24873619751883,54.36893203883495,20.809448162334544,chg_1m,15,momentum,short_only
206,72.80969761803433,76828.9059720715,5.0686223368005,-22.04088922260643,54.85436893203883,31.371986074738945,chg_30m,10,reversion,short_only
206,86.71170346863872,196833.6361210396,4.704889863785214,-20.94615083985144,53.883495145631066,37.27915590674465,chg_1m,5,momentum,long_short
206,30.731996383349358,2493.3562595828707,4.697105887847505,-10.133696782567858,54.85436893203883,14.146795590199025,chg_30m,30,reversion,short_only
206,44.50213837587034,8654.435638114986,4.677111234026762,-19.499645568874257,55.8252427184466,20.351226127084534,chg_30m,20,momentum,short_only
206,32.538231550784836,2963.7851536470594,4.380745329998366,-17.031419335124156,52.9126213592233,15.219737220951592,chg_24h,30,reversion,short_only
206,55.78962207707831,21729.75601308084,4.33109939182912,-24.265866884345165,52.42718446601942,26.179901202756668,chg_15m,10,reversion,short_only
206,34.5157616680807,3567.7297072003626,4.321834501732694,-19.13353968684648,53.398058252427184,16.15586235834133,chg_open_1d,20,momentum,short_only
206,74.17477563834589,84545.27135947588,4.286724508775198,-27.1241092377537,53.883495145631066,35.62696547075386,chg_5m,5,reversion,short_only
206,32.77985165765844,3032.332386942139,4.155941492779572,-17.863071134457233,53.398058252427184,15.502309025298619,chg_30m,20,reversion,short_only
206,42.907888524390245,7550.607965938374,4.1152752910788895,-20.87709822520354,53.883495145631066,20.458305745696023,chg_1m,10,momentum,short_only
206,50.02717399966294,13710.056694343373,4.005803302051868,-27.795450480486007,55.33980582524271,24.378909844014345,chg_24h,10,momentum,short_only
206,39.303576921844986,5509.466962563297,3.8996291420017095,-19.009112688212994,52.9126213592233,19.133551659585073,chg_24h,15,momentum,short_only
206,34.44571526954554,3544.5946064288714,3.7201290669641627,-15.582054393154387,54.85436893203883,16.973734785948746,chg_30m,15,reversion,short_only
206,25.516338547680185,1481.456959219013,3.689829034428234,-16.94716307545304,54.36893203883495,12.404567292378244,chg_1m,15,momentum,long_short
206,61.40466122791779,33463.141548809646,3.6451783522268593,-39.21597898104181,57.76699029126213,35.60210670928848,chg_24h,5,momentum,short_only
206,46.22361894199918,10009.061421775152,3.557774194431337,-23.637042812669428,52.9126213592233,24.179094390006085,chg_15m,5,momentum,short_only
206,56.716413956461274,23360.80337370983,3.497062497213499,-52.83806424441187,53.883495145631066,34.37595070954099,chg_open_1d,5,momentum,short_only
206,31.984420507758472,2811.831846482254,3.405540012404048,-25.366151555622107,54.36893203883495,16.60160067511888,chg_24h,20,reversion,short_only
206,19.5545599121157,775.608863069351,3.2768869556898714,-9.996686344398775,51.94174757281553,9.787875717703242,chg_15m,30,reversion,short_only
206,28.61283163986834,2026.3623271112187,3.2688737970532404,-24.87014563483826,51.45631067961165,14.812238528838316,chg_open_1d,15,momentum,short_only
206,31.32690272264904,2640.4169327018667,2.9994550592327007,-34.48096560060191,51.45631067961165,18.282686669898613,chg_24h,15,reversion,short_only
206,42.0057883083371,6984.117585747415,2.997841115722221,-43.04929200047031,54.36893203883495,30.589119950716558,chg_15m,5,reversion,short_only
206,23.345239364894034,1179.3749322663673,2.9024114862677166,-16.340571653098845,51.45631067961165,12.551049250527793,chg_24h,20,momentum,short_only
206,22.09905709469975,1030.8944669388572,2.83340373648319,-16.54755126885499,56.310679611650485,11.965701438668573,chg_15m,15,momentum,short_only
206,20.16272562369601,831.2811951935936,2.8092336817089323,-18.626254286358957,53.398058252427184,10.761767292358064,chg_1m,20,momentum,short_only
206,16.501277831073136,539.4646222280662,2.7942033123627614,-17.068764649738288,51.45631067961165,8.598370469228128,chg_open_1d,30,momentum,short_only
206,20.56087999481402,869.4687102688855,2.7800920150505197,-19.662148392715608,53.398058252427184,11.223886706469145,chg_5m,20,momentum,short_only
206,19.682654586264015,787.0743414336271,2.777687940370674,-11.920667330863377,51.45631067961165,10.52166395913518,chg_15m,20,reversion,short_only
206,23.867382954810125,1246.7440272707224,2.726187706367628,-20.936405434751947,51.94174757281553,13.430771148957906,chg_5m,10,reversion,short_only
206,16.077884219561646,511.7969295058755,2.6126072932600404,-14.574783650970957,54.36893203883495,8.62468100116559,chg_30m,30,momentum,short_only
206,20.91384609113558,904.5182166403476,2.5820241533527124,-15.762320601796631,53.883495145631066,11.89458162759112,chg_15m,15,reversion,short_only
206,21.694923724556237,986.2508627908671,2.567193761136613,-26.826830889634234,54.85436893203883,13.092259805633008,chg_5m,15,momentum,short_only
206,20.96083221534173,909.2706278076785,2.538552460397057,-23.742237267080657,50.970873786407765,11.780734058003402,chg_1m,10,momentum,long_short
206,37.05550301652085,4503.445866914581,2.4802342280058616,-59.77784574523455,52.9126213592233,36.71114915851867,chg_1m,5,momentum,long_only
206,14.878257855259047,439.2594043292264,2.432180649611412,-15.8806056910886,55.8252427184466,8.19343069451615,chg_1w,30,reversion,short_only
206,21.5305120846107,968.5561339320161,2.366473528705547,-34.495924151978095,52.9126213592233,13.792707468769228,chg_open_1d,10,momentum,short_only
206,22.898380737872227,1124.1905853767691,2.3544231480154374,-43.272754902893205,50.0,15.343883608069163,chg_30m,5,momentum,long_short
206,12.374638913755076,312.612651952064,2.2675343263374965,-12.399427439942489,51.94174757281553,6.804895243734076,chg_5m,30,momentum,short_only
206,12.219373955594314,305.73995389477,2.1306110366485944,-19.477298666977262,54.36893203883495,6.974489831519508,chg_open_1d,30,reversion,short_only
206,8.560322190620727,171.23744766564468,1.9162785424783821,-9.255192242417076,48.05825242718447,4.7540476844682695,chg_5m,30,reversion,short_only
206,11.864805208715934,290.43727224520194,1.7903997673498164,-27.01023229788072,53.883495145631066,8.252433531800037,chg_open_1d,20,reversion,short_only
206,12.094509864466406,300.28931634912857,1.7377036950927893,-24.290833069594385,52.42718446601942,8.725818645063793,chg_1w,15,momentum,short_only
206,12.920699727578832,337.6411276520562,1.6888146131438952,-38.74264075185957,54.36893203883495,15.46984949325291,chg_24h,5,momentum,long_short
206,9.447736921837535,199.43498815880142,1.639652589518204,-51.62700468573701,54.85436893203883,14.794603302986042,chg_1w,5,momentum,short_only
206,7.048457391157226,128.74774717940824,1.5211775838888415,-39.88131776148388,53.883495145631066,10.454468036308729,chg_5m,10,momentum,short_only
206,9.137163906950963,189.2742965929111,1.5180009687448455,-24.10908196892043,52.9126213592233,7.351222396520833,chg_1w,20,reversion,short_only
206,7.811908624445074,149.37385144071365,1.392319722189422,-20.817757174671982,51.94174757281553,5.932472131214747,chg_1w,20,momentum,short_only
206,7.274377407016086,134.68203058073135,1.383913671204174,-34.557179406000394,49.029126213592235,12.128751414885942,chg_1w,5,momentum,long_short
206,8.53448940235566,170.45438685649685,1.3567727997342307,-41.89965176642097,48.05825242718447,10.555754147212038,chg_5m,5,reversion,long_short
206,-60.78740730869332,-99.99884988373861,1.2957065123224205,-88.48462650613693,57.76699029126213,20.428412796542847,chg_open_1d,5,reversion,short_only
206,6.037079151084468,103.83222368144307,1.2347965457552177,-19.698077266360905,53.883495145631066,5.023224140004678,chg_15m,20,momentum,short_only
206,4.025683499134947,61.52205574151899,1.144711625777662,-36.22653049638376,52.42718446601942,6.710928378631153,chg_open_1d,15,reversion,short_only
206,-5.613338097872966,-50.43187941216056,1.1001943180522884,-50.66025879036869,51.94174757281553,10.040416465479733,chg_24h,10,reversion,short_only
206,4.5660359519285265,72.01515165744556,1.0666343355254713,-21.592138102121773,51.94174757281553,3.5882513507414284,chg_1m,30,momentum,short_only
206,4.235593077870492,65.52644228349523,1.014962553265574,-13.751526932903024,54.85436893203883,3.615502093213255,chg_24h,30,momentum,short_only
206,0.8644646130939959,11.023079186101747,0.8825711709063552,-34.91305588464036,56.310679611650485,5.652692893005504,chg_1w,10,momentum,short_only
206,2.4471754728152106,34.14016158622364,0.7822989833129851,-15.09446615230866,55.8252427184466,2.018579059414857,chg_5m,15,momentum,long_short
206,-0.8629850717382648,-9.994057922040989,0.7807851587199673,-31.840398500432777,51.94174757281553,4.849909947971302,chg_1w,15,reversion,short_only
206,-10.054439263122095,-72.39904695203232,0.6912729950385714,-51.98358680214701,53.398058252427184,5.849010398475672,chg_open_1d,10,reversion,short_only
206,-0.21726002901183428,-2.60764674874866,0.6722092668673504,-39.585134646522015,49.029126213592235,3.9996864224219415,chg_1m,15,momentum,long_only
206,1.1686136555916216,15.159228169542338,0.6281341687515032,-36.12772287106697,48.05825242718447,2.4258920856578023,chg_30m,10,momentum,long_short
206,-27.47461021216331,-97.98085490164328,0.6041936292650671,-74.67762225912671,45.63106796116505,9.462899526785872,chg_1w,5,momentum,long_only
206,0.9028684886448479,11.537707574251455,0.5390882251208512,-13.7485641974751,49.029126213592235,1.7458589738833454,chg_5m,20,reversion,short_only
206,-2.4729681657676084,-26.22903733300477,0.40600392001779795,-32.203989681217614,50.0,2.1692466892673017,chg_24h,10,momentum,long_short
206,0.2542143866582469,3.132457941129152,0.37850168243607457,-19.77975105885402,50.48543689320388,1.0291455144843384,chg_1m,20,momentum,long_short
206,-9.237811118131878,-69.19582410015965,0.36937219361003343,-51.76291916307814,48.05825242718447,3.103162370310785,chg_1m,10,momentum,long_only
206,-0.07744178700033189,-0.9367487766517413,0.3660960506711866,-22.58185774210538,50.48543689320388,1.1050462844590296,chg_30m,15,momentum,long_short
206,0.2829842504229241,3.4925777628803667,0.3478645416172884,-9.264353051122976,49.51456310679612,0.8021175638691673,chg_24h,30,reversion,long_short
206,-61.32700868996586,-99.99902807051677,0.337671659460783,-83.70550827630673,51.45631067961165,4.515457176329776,chg_5m,5,momentum,short_only
206,-13.66145360249742,-83.21254063926675,0.22000805748315638,-54.791694814547796,47.57281553398058,1.9737689564990766,chg_open_1d,5,momentum,long_short
206,-2.7109394655336905,-28.38632603329637,0.08527840079647175,-20.345596390730215,51.94174757281553,0.308514808595568,chg_1w,30,momentum,short_only
206,-0.6851540571961467,-8.012933940897938,0.05191212768246427,-12.049812284443206,49.029126213592235,0.09659741935751558,chg_15m,30,reversion,long_short
206,-23.57803053553593,-96.1868852554972,-0.08932862476457164,-48.847370881018925,50.970873786407765,-0.8049755489817949,chg_1w,10,reversion,short_only
206,-1.645255528564138,-18.252575610286915,-0.12565210805500152,-12.607534826834243,52.42718446601942,-0.26098613370710094,chg_5m,20,momentum,long_short
206,-3.278861715223602,-33.30287412588204,-0.13162914574451315,-14.673711586052928,50.970873786407765,-0.4053191210117911,chg_15m,30,momentum,short_only
206,-7.940769713159767,-63.4006749976356,-0.20511662806266626,-37.15517401300309,48.05825242718447,-1.0281514648532182,chg_open_1d,10,momentum,long_short
206,-5.58852261585,-50.27332702816602,-0.24590108574497563,-20.098826016097217,50.0,-0.944898313196716,chg_5m,15,reversion,short_only
206,-4.993665318290875,-46.33048902418483,-0.26649910103697294,-28.236853473924363,46.601941747572816,-0.9493449248964252,chg_open_1d,15,momentum,long_short
206,-7.982605355567229,-63.602220910093024,-0.2844267298347409,-27.033256227965108,52.42718446601942,-1.2965237366106208,chg_1m,20,reversion,short_only
206,-47.01274689129239,-99.95542369921033,-0.2894307802916337,-81.07603224055075,48.05825242718447,-4.662407722782663,chg_24h,5,momentum,long_only
206,-12.318613196086027,-79.75059502344234,-0.2967411220529723,-33.60826190520952,51.94174757281553,-1.7949872196447678,chg_15m,5,reversion,long_short
206,-77.55161183140841,-99.99999868812918,-0.33134457334666373,-88.21992547714478,50.48543689320388,-5.337592277217334,chg_24h,5,reversion,short_only
206,-9.875798029823478,-71.7256650084241,-0.3376655730688834,-34.463094279562846,46.601941747572816,-1.7711657790063606,chg_1w,10,momentum,long_short
206,-4.065888673855477,-39.605111385468305,-0.37310006005062446,-22.72416929604393,47.0873786407767,-1.04828558672936,chg_open_1d,20,momentum,long_short
206,-3.5415703441788793,-35.470663026307314,-0.45150451857640445,-14.652868203668678,51.94174757281553,-1.0575420570397143,chg_1w,30,reversion,long_short
206,-6.508874956295774,-55.85262861713369,-0.6145155041341994,-19.198512854947214,50.970873786407765,-1.9605564389666537,chg_1m,30,reversion,short_only
206,-9.476493525628138,-70.16564254406809,-0.8017366498763875,-26.2898081087374,43.689320388349515,-3.0620456514537606,chg_1w,15,momentum,long_short
206,-10.44392517773164,-73.81647834065052,-0.8918048561332059,-31.195956604849183,46.116504854368934,-3.5118484436754143,chg_5m,10,reversion,long_short
206,-6.03605112334783,-53.06242797862806,-0.9012601014577591,-16.635129153754068,46.601941747572816,-2.2507800904347506,chg_15m,20,reversion,long_short
206,-9.927221588822343,-71.92103322865175,-0.9069097523626519,-19.840064202205987,48.54368932038835,-3.360227652751841,chg_15m,10,reversion,long_short
206,-8.288980761939568,-65.04744842944345,-0.9564139084662145,-14.793400687124569,49.029126213592235,-2.974724287704459,chg_24h,20,reversion,long_short
206,-31.373169285419923,-98.96806764197609,-1.0203774386998714,-61.01247364305071,48.54368932038835,-9.195024451018206,chg_1w,10,momentum,long_only
206,-6.70315492692537,-56.95431938537915,-1.0262245726254244,-22.209813865487927,48.05825242718447,-2.5755414491070447,chg_30m,20,momentum,long_short
206,-5.517191942946475,-49.81498208464744,-1.0757788771795722,-17.760243797450837,50.48543689320388,-2.225596105145958,chg_1m,30,momentum,long_short
206,-47.53420314821446,-99.96047019010757,-1.0854844418095386,-74.02176005341425,48.05825242718447,-14.51545717632977,chg_5m,5,reversion,long_only
206,-12.241363820959783,-79.53279624273083,-1.2036856148876007,-30.141288147376912,47.57281553398058,-4.574567505156772,chg_24h,15,momentum,long_short
206,-5.342607370656749,-48.67676009255677,-1.2079505610881904,-14.285241497832669,49.51456310679612,-2.2389427054832853,chg_30m,30,reversion,long_short
206,-79.0360249015487,-99.99999942859847,-1.2426804139496397,-82.49692720061104,52.42718446601942,-19.462899526785876,chg_1w,5,reversion,short_only
206,-38.85672937260429,-99.74621688013913,-1.3346676875210621,-55.0874811471524,50.48543689320388,-11.973768956499075,chg_open_1d,5,reversion,long_short
206,-23.15412323844942,-95.92183599498874,-1.3564245317487202,-43.119381630743504,46.601941747572816,-8.205012780355238,chg_15m,5,momentum,long_short
206,-10.739178848657616,-74.84611615242159,-1.387489223824197,-16.51515094496091,50.48543689320388,-4.29062486734696,chg_1w,20,reversion,long_short
206,-13.917824010645374,-83.80819475980066,-1.4275699377536557,-21.281708001525356,50.0,-5.425432494843235,chg_24h,15,reversion,long_short
206,-38.978446821332014,-99.75228669030543,-1.5596811414883904,-52.32500921635763,50.48543689320388,-13.103162370310798,chg_1m,10,reversion,short_only
206,-21.71141816610619,-94.88791229283318,-1.5687938734224383,-30.304846209332524,52.42718446601942,-8.228834220993646,chg_1w,10,reversion,long_short
206,-11.822657531368641,-78.31441665817587,-1.644150531175812,-22.327902687080005,50.0,-4.964440094461278,chg_15m,15,momentum,long_short
206,-16.139868805972124,-88.21535291861457,-1.6476124064177524,-32.82450804051754,51.45631067961165,-6.488151556324591,chg_5m,10,momentum,long_short
206,-11.934647308224521,-78.64664896044629,-1.6677043807409553,-23.815556136828576,46.116504854368934,-5.035559905538723,chg_15m,15,reversion,long_short
206,-22.407210144223576,-95.41332513476952,-1.7898873676953848,-33.12493846303591,50.0,-8.971848535146787,chg_open_1d,10,reversion,long_short
206,-15.809697511106858,-87.63914982320229,-1.7920435510539892,-26.189777585218977,48.05825242718447,-6.639772347248168,chg_15m,10,momentum,long_short
206,-16.613892831158417,-88.99958647708587,-1.8165673897637442,-19.386568836530348,52.9126213592233,-6.937954348546245,chg_1w,15,reversion,long_short
206,-13.209586672422358,-82.11347997755661,-1.8462803708645357,-26.572620839362994,45.63106796116505,-5.709375132653045,chg_1w,20,momentum,long_short
206,-38.70570984574741,-99.73849617523956,-1.873136161530337,-65.5839749699161,45.14563106796117,-15.84901039847568,chg_open_1d,10,momentum,long_only
206,-20.588746359475184,-93.92257084222491,-1.909337424289355,-42.385476664562226,45.14563106796117,-8.703476263389387,chg_1m,20,momentum,long_only
206,-67.91279441412243,-99.99989937941707,-1.929973366642935,-87.22932759545805,40.29126213592233,-30.428412796542826,chg_open_1d,5,momentum,long_only
206,-9.243820633635702,-69.22059292892955,-2.04049701106076,-23.34186276432053,42.71844660194174,-4.1880596811456945,chg_open_1d,30,momentum,long_short
206,-45.303274298359256,-99.93444127175746,-2.1959599387662325,-68.48417505127041,47.57281553398058,-20.04041646547975,chg_24h,10,momentum,long_only
206,-15.573865487519834,-87.21187899255321,-2.2587207257565156,-28.271835472469476,48.05825242718447,-7.025275712295544,chg_24h,20,momentum,long_short
206,-28.06354434737015,-98.17127097468538,-2.2776394607175634,-34.68673184602952,46.601941747572816,-12.16924668926731,chg_24h,10,reversion,long_short
206,-32.27775643048815,-99.12169697717144,-2.352864187960654,-38.553112681717195,47.0873786407767,-13.999686422421945,chg_1m,15,reversion,short_only
206,-20.108022320465523,-93.46022952085356,-2.356506838056474,-31.120199698077545,49.029126213592235,-9.055101686803289,chg_5m,15,momentum,long_only
206,-32.90958408015891,-99.21622802345524,-2.390681356991788,-52.69004343946837,46.601941747572816,-14.849909947971314,chg_1w,15,momentum,long_only
206,-34.720392535004926,-99.4378786954825,-2.4438998820387545,-45.37427978870085,42.23300970873786,-15.652692893005511,chg_1w,10,reversion,long_only
206,-17.403735633597194,-90.20068302179548,-2.519877834004494,-34.4637351332097,46.116504854368934,-8.039443561033353,chg_1m,30,momentum,long_only
206,-49.714542737946864,-99.9763962299681,-2.5249327455218005,-56.99906066475632,50.0,-22.128751414885954,chg_1w,5,reversion,long_short
206,-19.7708519586565,-93.11693034826779,-2.5406902992334137,-26.44684656625982,50.0,-9.05065507510358,chg_open_1d,15,reversion,long_short
206,-8.406362285140368,-65.58706174542168,-2.6264341542712897,-11.998457557346697,49.029126213592235,-3.974576220367098,chg_5m,30,momentum,long_short
206,-46.15425287414363,-99.94581234261902,-2.642112322436718,-62.72378632248065,50.0,-20.555754147212046,chg_5m,5,momentum,long_short
206,-51.2068201740298,-99.98363034637806,-2.7479300849933734,-65.60322066944973,43.689320388349515,-24.794603302986047,chg_1w,5,reversion,long_only
206,-54.061133633114025,-99.99212942453595,-2.78049596006357,-56.956608949488356,44.66019417475729,-25.469849493252926,chg_24h,5,reversion,long_short
206,-12.252681269634403,-79.56483876307468,-2.8316804802173934,-16.022979448504294,50.0,-5.811940318854311,chg_open_1d,30,reversion,long_short
206,-21.80136263280039,-94.95880745520509,-2.8494374758398755,-29.93510711302183,45.63106796116505,-10.308514808595573,chg_1w,30,reversion,long_only
206,-34.70215765053118,-99.43596816693616,-2.850454201458603,-56.367626406127535,45.14563106796117,-16.71092837863116,chg_open_1d,15,momentum,long_only
206,-15.55320666696305,-87.1738119200979,-2.9582757466422893,-22.020982000318213,47.57281553398058,-7.42445855089296,chg_30m,20,reversion,long_short
206,-41.09728965063633,-99.83875180876186,-2.976227786927141,-60.08230021590404,41.74757281553398,-20.454468036308736,chg_5m,10,reversion,long_only
206,-16.12651997701714,-88.19254365522382,-3.1029520616402193,-22.02611237102383,45.63106796116505,-7.749219909565254,chg_15m,20,momentum,long_short
206,-19.874004838955383,-93.22367418851897,-3.1159143063366432,-31.97010849058105,45.14563106796117,-9.59468087898821,chg_15m,30,reversion,long_only
206,-89.287791342003,-99.99999999983612,-3.15584212502271,-90.77090908517033,46.601941747572816,-46.71114915851868,chg_1m,5,reversion,short_only
206,-18.550551963265626,-91.73149252046564,-3.1860451268510963,-20.508971960780066,46.601941747572816,-8.951714413270649,chg_open_1d,20,reversion,long_short
206,-25.50580587255539,-97.20434956974847,-3.2174256399802394,-29.223156443190145,48.05825242718447,-12.42589208565781,chg_30m,10,reversion,long_short
206,-33.986045816609845,-99.35605331442557,-3.582964979986406,-50.09957078888381,44.1747572815534,-17.351222396520836,chg_1w,20,momentum,long_only
206,-23.587882152241,-96.19285256775531,-3.62689905741132,-35.343179183859206,46.601941747572816,-11.745858973883353,chg_5m,20,momentum,long_only
206,-22.28918914155319,-95.32784935328749,-3.6790437146724955,-27.15576831155818,45.63106796116505,-11.105046284459036,chg_30m,15,reversion,long_short
206,-29.564744124685284,-98.584590071454,-3.6929718358470267,-42.406121252846475,44.1747572815534,-15.023224140004679,chg_15m,20,reversion,long_only
206,-36.26227964180605,-99.57954776871814,-3.729154315116632,-42.777593669045324,46.116504854368934,-18.725818645063796,chg_1w,15,reversion,long_only
206,-31.262530184252903,-98.9476740277492,-3.739266646496891,-36.991473597850586,45.63106796116505,-15.932472131214755,chg_1w,20,reversion,long_only
206,-15.744025181413567,-87.52150315969092,-3.7578873693248505,-18.506381474138934,43.203883495145625,-7.774403894854044,chg_1m,30,reversion,long_short
206,-17.981733661954134,-91.00201744797539,-3.8178719622064223,-26.126373286410754,43.203883495145625,-8.94245794296029,chg_1w,30,momentum,long_short
206,-26.87142023602188,-97.76711476253206,-3.822214567227299,-37.368672888850185,40.77669902912621,-13.615502093213259,chg_24h,30,reversion,long_only
206,-46.8452320128566,-99.95368118883731,-3.8888607181605064,-51.475099639975674,48.05825242718447,-25.343883608069177,chg_30m,5,reversion,long_short
206,-34.85718819144876,-99.45202294254666,-3.9599413461467465,-52.78725484303393,45.14563106796117,-18.25243353180004,chg_open_1d,20,momentum,long_only
206,-66.82174455259423,-99.99984895627586,-3.9778762133491457,-71.01475085865532,44.66019417475729,-40.589119950716565,chg_15m,5,momentum,long_only
206,-12.191229472956632,-79.39029812520147,-3.981651862075653,-16.106358728794135,44.66019417475729,-6.025423779632905,chg_5m,30,reversion,long_short
206,-26.58313937187874,-97.65779911514844,-4.039208526308057,-32.24796895386537,47.0873786407767,-13.588251350741439,chg_1m,30,reversion,long_only
206,-21.862580076844075,-95.00654242791022,-4.0563264128458085,-24.299384254783675,45.14563106796117,-11.029145514484346,chg_1m,20,reversion,long_short
206,-43.83483577545063,-99.9095502762779,-4.082216093436905,-47.34041261976852,44.66019417475729,-23.792707468769233,chg_open_1d,10,reversion,long_only
206,-15.532969031638766,-87.13642014285398,-4.187232433679199,-22.038236408661472,45.14563106796117,-7.761057294516721,chg_30m,30,momentum,long_short
206,-68.68447542790457,-99.99992513985192,-4.514361633683026,-71.11599909811545,44.66019417475729,-44.37595070954101,chg_open_1d,5,reversion,long_only
206,-41.65900562316387,-99.85647102924223,-4.5280422313388815,-55.99856973061821,42.71844660194174,-23.09225980563301,chg_5m,15,reversion,long_only
206,-49.012384264648965,-99.97206535711724,-4.640053683159858,-65.89777023808043,45.14563106796117,-28.282686669898624,chg_24h,15,momentum,long_only
206,-23.246324688195553,-95.98088342538453,-4.657792388757098,-30.12014488880188,41.262135922330096,-12.018579059414865,chg_5m,15,reversion,long_short
206,-69.38647736098567,-99.99994316286912,-4.6690442661155585,-73.59927911297369,41.262135922330096,-45.602106709288485,chg_24h,5,reversion,long_only
206,-21.04301468284948,-94.33171003829911,-4.684691925614437,-29.673355971253734,46.116504854368934,-10.802117563869173,chg_24h,30,momentum,long_short
206,-19.077661770957675,-92.35861987974941,-4.6888606888592665,-24.43736700100959,41.74757281553398,-9.7390138662929,chg_5m,20,reversion,long_short
206,-39.88162200712691,-99.7933307789615,-4.693386317012688,-41.25921163783745,46.601941747572816,-21.780734058003407,chg_1m,10,reversion,long_short
206,-39.69349986938751,-99.78533575958072,-4.7527807500903,-47.796876320408344,44.1747572815534,-21.894581627591123,chg_15m,15,momentum,long_only
206,-42.059081575119926,-99.86798160653693,-4.755994987075523,-47.20818306044232,46.116504854368934,-23.430771148957916,chg_5m,10,momentum,long_only
206,-56.21408033385492,-99.9956069930286,-5.0291999381109145,-60.41348543883761,45.63106796116505,-34.17909439000609,chg_15m,5,reversion,long_only
206,-31.397263889544803,-98.9724605182022,-5.185473955825591,-45.92300354322744,43.203883495145625,-16.974489831519513,chg_open_1d,30,momentum,long_only
206,-39.234842533263794,-99.76463911780728,-5.20134158869026,-49.17601457208101,41.74757281553398,-21.965701438668578,chg_15m,15,reversion,long_only
206,-40.11315433227068,-99.80279532835537,-5.214896624628294,-46.39860621970361,46.116504854368934,-22.5510492505278,chg_24h,20,reversion,long_only
206,-37.992137457512555,-99.69901470968695,-5.257034350407622,-49.073744888999684,42.71844660194174,-21.223886706469155,chg_5m,20,reversion,long_only
206,-33.20698264938612,-99.25740809391084,-5.400632742871036,-44.71504730932276,42.71844660194174,-18.193430694516156,chg_1w,30,momentum,long_only
206,-36.870600133899735,-99.62578610694752,-5.417658149606463,-45.587056089959376,44.1747572815534,-20.52166395913519,chg_15m,20,momentum,long_only
206,-37.228901232504306,-99.65078753731112,-5.4196169072445475,-39.94570290630436,44.1747572815534,-20.761767292358066,chg_1m,20,reversion,long_only
206,-19.508519577936678,-92.83847561825428,-5.425981955607464,-21.69116989933165,44.1747572815534,-10.09659741935752,chg_15m,30,momentum,long_short
206,-45.5295226645448,-99.93766076431848,-5.45687233815261,-59.66329538785693,44.66019417475729,-26.601600675118892,chg_24h,20,momentum,long_only
206,-43.11541222005473,-99.8944255268993,-5.475747383843644,-47.351298485246154,44.66019417475729,-24.81223852883832,chg_open_1d,15,reversion,long_only
206,-67.46843768894553,-99.99988108135814,-5.489949215716397,-72.52245798182369,43.203883495145625,-45.626965470753866,chg_5m,5,momentum,long_only
206,-30.880863948865112,-98.87445091819826,-5.599744808821316,-41.012952924033144,45.14563106796117,-16.804895243734077,chg_5m,30,reversion,long_only
206,-33.74233487387933,-99.32657057931495,-5.641829235389795,-42.75376526538489,42.71844660194174,-18.624681001165595,chg_30m,30,reversion,long_only
206,-55.25648151034477,-99.99428646665997,-5.648946218483548,-59.4757357925226,42.71844660194174,-34.37890984401435,chg_24h,10,reversion,long_only
206,-45.67089429076911,-99.93959812686309,-5.911826482929312,-53.31572983439104,42.23300970873786,-26.973734785948754,chg_30m,15,momentum,long_only
206,-48.44896599447412,-99.9680755184987,-5.937739583482745,-54.71687073153419,44.66019417475729,-29.13355165958508,chg_24h,15,reversion,long_only
206,-27.385243672742753,-97.95042088642543,-5.947114305314687,-33.707888947047415,47.57281553398058,-14.754047684468272,chg_5m,30,momentum,long_only
206,-69.12677141715855,-99.99993702012958,-5.96695971202821,-70.52216760175023,44.1747572815534,-47.27915590674466,chg_1m,5,reversion,long_short
206,-56.82331997583452,-99.99629459539965,-5.985459871758307,-58.975984245252235,43.689320388349515,-36.179901202756675,chg_15m,10,momentum,long_only
206,-33.49032297688254,-99.29478521487054,-6.043892683578698,-35.72727889387301,47.0873786407767,-18.598370469228136,chg_open_1d,30,reversion,long_only
206,-49.919677352428785,-99.97753976123256,-6.126817860748744,-49.52623734460002,43.689320388349515,-30.458305745696027,chg_1m,10,reversion,long_only
206,-80.29906263292251,-99.99999973140763,-6.345179375753888,-84.67669133587702,43.689320388349515,-65.04116056630006,chg_30m,5,momentum,long_only
206,-67.55220448684014,-99.99988474838948,-6.5129747197075725,-68.68323576098535,37.86407766990291,-47.84716265497062,chg_1m,5,reversion,long_only
206,-35.01113259981131,-99.46754926482943,-6.624791087495505,-42.29678107876814,43.203883495145625,-19.787875717703248,chg_15m,30,momentum,long_only
206,-38.87383337194931,-99.74707798552916,-6.664401986034037,-39.63446495112479,43.203883495145625,-22.404567292378246,chg_1m,15,reversion,long_short
206,-61.44937284976124,-99.999064778253,-6.684274697707867,-68.11824232718313,43.203883495145625,-41.37198607473895,chg_30m,10,momentum,long_only
206,-42.99106323072191,-99.89158743098501,-6.836794703741492,-52.47765671640998,44.1747572815534,-25.502309025298626,chg_30m,20,momentum,long_only
206,-49.00110589343112,-99.97199019793864,-6.975307521965506,-57.592044475485,41.262135922330096,-30.351226127084537,chg_30m,20,reversion,long_only
206,-43.748018936600396,-99.90783706350653,-6.996921975166954,-45.6734551922386,44.66019417475729,-26.155862358341338,chg_open_1d,20,reversion,long_only
206,-42.3465123819109,-99.87572141937406,-7.259077108268361,-53.53495706884597,40.77669902912621,-25.21973722095159,chg_24h,30,momentum,long_only
206,-51.81580865581503,-99.98594680481791,-7.384645249129468,-52.87071843777576,41.74757281553398,-32.90035650826035,chg_15m,10,reversion,long_only
206,-49.2596815878838,-99.97366754007483,-7.553643821238884,-49.86693247912485,41.74757281553398,-30.80944816233455,chg_1m,15,reversion,long_only
206,-40.63096379114055,-99.82254020935758,-8.017367255801169,-46.03123206959056,41.74757281553398,-24.146795590199027,chg_30m,30,momentum,long_only
206,-57.66171166434814,-99.99708002005393,-8.796006662197328,-63.67654630000427,38.83495145631068,-39.18382735486683,chg_30m,15,reversion,long_only
206,-70.68252518955376,-99.99996639515498,-11.239761065884611,-71.46850276498711,41.74757281553398,-56.22377024605457,chg_30m,10,reversion,long_only
206,-90.53144999620417,-99.9999999999634,-13.46123893567819,-91.16215269356856,40.77669902912621,-105.72892778243838,chg_30m,5,reversion,long_only
