n_periods_jul,total_return_pct_jul,cagr_pct_jul,sharpe_jul,max_drawdown_pct_jul,win_rate_pct_jul,avg_period_ret_bps_jul,signal,n,direction,side,n_periods_aug,total_return_pct_aug,cagr_pct_aug,sharpe_aug,max_drawdown_pct_aug,win_rate_pct_aug,avg_period_ret_bps_aug,combo_sharpe
206,72.80969761803433,76828.9059720715,5.0686223368005,-22.04088922260643,54.85436893203883,31.371986074738945,chg_30m,10,reversion,short_only,195,100.65297954746248,566562.2182012614,7.66511243304384,-23.339441383595137,59.48717948717949,38.848257686223455,5.0686223368005
206,32.77985165765844,3032.332386942139,4.155941492779572,-17.863071134457233,53.398058252427184,15.502309025298619,chg_30m,20,reversion,short_only,195,30.784302731485447,2695.4087318635948,4.119337420585345,-12.564551307495664,53.84615384615385,15.464473722353251,4.119337420585345
206,34.44571526954554,3544.5946064288714,3.7201290669641627,-15.582054393154387,54.85436893203883,16.973734785948746,chg_30m,15,reversion,short_only,195,50.4589736019712,15812.683388500958,5.225421570181055,-15.510553521929271,54.871794871794876,23.3889251487356,3.7201290669641627
206,55.78962207707831,21729.75601308084,4.33109939182912,-24.265866884345165,52.42718446601942,26.179901202756668,chg_15m,10,reversion,short_only,195,28.360051521022612,2116.1828764632273,3.3293992789298192,-31.079370631877524,49.743589743589745,15.350811991318642,3.3293992789298192
206,31.984420507758472,2811.831846482254,3.405540012404048,-25.366151555622107,54.36893203883495,16.60160067511888,chg_24h,20,reversion,short_only,195,23.47238836241834,1268.9072178398621,3.0187576930069677,-30.194327152275825,52.307692307692314,13.092179919356115,3.0187576930069677
206,31.32690272264904,2640.4169327018667,2.9994550592327007,-34.48096560060191,51.45631067961165,18.282686669898613,chg_24h,15,reversion,short_only,195,39.53088860894978,6142.331481828941,3.8246713012638525,-36.133467085489116,54.871794871794876,20.626854852905236,2.9994550592327007
206,30.731996383349358,2493.3562595828707,4.697105887847505,-10.133696782567858,54.85436893203883,14.146795590199025,chg_30m,30,reversion,short_only,195,16.83744181478424,589.7430671689514,2.9902588474549407,-13.398226581638994,49.743589743589745,9.091739538314263,2.9902588474549407
206,19.682654586264015,787.0743414336271,2.777687940370674,-11.920667330863377,51.45631067961165,10.52166395913518,chg_15m,20,reversion,short_only,195,17.944519296370665,675.3806255147152,3.0565794249653546,-15.849829339282607,51.7948717948718,9.666973968756048,2.777687940370674
206,20.91384609113558,904.5182166403476,2.5820241533527124,-15.762320601796631,53.883495145631066,11.89458162759112,chg_15m,15,reversion,short_only,195,31.253381908527288,2822.410762916805,4.118235645910181,-24.124553826119932,52.307692307692314,15.693068162819705,2.5820241533527124
206,12.219373955594314,305.73995389477,2.1306110366485944,-19.477298666977262,54.36893203883495,6.974489831519508,chg_open_1d,30,reversion,short_only,195,21.02743085196974,968.0241288405424,3.4412690873186795,-22.16465277392644,52.820512820512825,11.021629097473031,2.1306110366485944
206,11.864805208715934,290.43727224520194,1.7903997673498164,-27.01023229788072,53.883495145631066,8.252433531800037,chg_open_1d,20,reversion,short_only,195,29.88084787194303,2464.9871384860176,3.721037417187483,-23.74635667726913,52.307692307692314,15.508183221741941,1.7903997673498164
206,23.867382954810125,1246.7440272707224,2.726187706367628,-20.936405434751947,51.94174757281553,13.430771148957906,chg_5m,10,reversion,short_only,195,10.796150418270578,256.9006767532815,1.7316775691110664,-28.8107221415715,50.256410256410255,7.533846797422653,1.7316775691110664
206,32.538231550784836,2963.7851536470594,4.380745329998366,-17.031419335124156,52.9126213592233,15.219737220951592,chg_24h,30,reversion,short_only,195,6.806415665744403,126.40736961881163,1.3967826443964257,-23.64462840762941,49.743589743589745,4.795875516774293,1.3967826443964257
206,4.025683499134947,61.52205574151899,1.144711625777662,-36.22653049638376,52.42718446601942,6.710928378631153,chg_open_1d,15,reversion,short_only,195,34.04828713776593,3695.7840057810586,3.527106613892201,-32.01196616652038,53.84615384615385,18.29551021800788,1.144711625777662
206,-5.613338097872966,-50.43187941216056,1.1001943180522884,-50.66025879036869,51.94174757281553,10.040416465479733,chg_24h,10,reversion,short_only,195,99.19418785613541,517504.26798809296,5.838733735609391,-41.67704781854932,53.84615384615385,41.54951647103796,1.1001943180522884
206,0.8644646130939959,11.023079186101747,0.8825711709063552,-34.91305588464036,56.310679611650485,5.652692893005504,chg_1w,10,momentum,short_only,195,4.606482816640334,74.87211321905683,1.0607474045557659,-26.841771617487066,51.7948717948718,4.2161327833026965,0.8825711709063552
206,-10.054439263122095,-72.39904695203232,0.6912729950385714,-51.98358680214701,53.398058252427184,5.849010398475672,chg_open_1d,10,reversion,short_only,195,44.034728740263176,9159.012491634358,3.608272556654849,-39.64060714822224,55.38461538461539,24.29103288715306,0.6912729950385714
206,12.094509864466406,300.28931634912857,1.7377036950927893,-24.290833069594385,52.42718446601942,8.725818645063793,chg_1w,15,momentum,short_only,195,0.3543612922978445,4.487598195325093,0.47617723736952056,-24.53332713070423,52.820512820512825,1.6760822967033695,0.47617723736952056
206,19.5545599121157,775.608863069351,3.2768869556898714,-9.996686344398775,51.94174757281553,9.787875717703242,chg_15m,30,reversion,short_only,195,0.1619709611236697,2.0287241745388984,0.3492733965367992,-17.102986215726567,45.64102564102564,0.924628102384844,0.3492733965367992
206,0.2829842504229241,3.4925777628803667,0.3478645416172884,-9.264353051122976,49.51456310679612,0.8021175638691673,chg_24h,30,reversion,long_short,195,4.3229111233491935,69.07931443009979,1.4452113293901785,-9.221898925451743,54.35897435897436,2.544001625405073,0.3478645416172884
206,-0.6851540571961467,-8.012933940897938,0.05191212768246427,-12.049812284443206,49.029126213592235,0.09659741935751558,chg_15m,30,reversion,long_short,195,1.203602033418294,16.00629231611732,0.5865475490045321,-8.260057396393272,48.205128205128204,0.8908439700393613,0.05191212768246427
206,-7.982605355567229,-63.602220910093024,-0.2844267298347409,-27.033256227965108,52.42718446601942,-1.2965237366106208,chg_1m,20,reversion,short_only,195,-6.270386410922713,-55.22930695698432,-0.3018977889095897,-29.006221209561588,51.28205128205128,-1.2483966527731403,-0.3018977889095897
206,-9.875798029823478,-71.7256650084241,-0.3376655730688834,-34.463094279562846,46.601941747572816,-1.7711657790063606,chg_1w,10,momentum,long_short,195,24.43055752554546,1406.7338866849332,3.454263530474884,-17.202610427625796,52.820512820512825,12.890777228640617,-0.3376655730688834
206,20.56087999481402,869.4687102688855,2.7800920150505197,-19.662148392715608,53.398058252427184,11.223886706469145,chg_5m,20,momentum,short_only,195,-4.121193150528823,-40.68298550421427,-0.3407277548522216,-20.998409235159656,49.23076923076923,-1.0403509383334872,-0.3407277548522216
206,9.137163906950963,189.2742965929111,1.5180009687448455,-24.10908196892043,52.9126213592233,7.351222396520833,chg_1w,20,reversion,short_only,195,-7.457447150446095,-61.77912862962409,-0.40164821985008936,-25.939593859745212,47.179487179487175,-1.7338628765121142,-0.40164821985008936
206,21.694923724556237,986.2508627908671,2.567193761136613,-26.826830889634234,54.85436893203883,13.092259805633008,chg_5m,15,momentum,short_only,195,-6.491489337772494,-56.52244301795661,-0.5587271139629909,-26.745743585214765,50.256410256410255,-1.961933125659972,-0.5587271139629909
206,7.811908624445074,149.37385144071365,1.392319722189422,-20.817757174671982,51.94174757281553,5.932472131214747,chg_1w,20,momentum,short_only,195,-5.759047356701707,-52.1021000935039,-0.6911512519540689,-21.104962127528825,51.28205128205128,-2.0158615185875353,-0.6911512519540689
206,-5.58852261585,-50.27332702816602,-0.24590108574497563,-20.098826016097217,50.0,-0.944898313196716,chg_5m,15,reversion,short_only,195,-7.152727130081349,-60.18763960979382,-0.7095686098704768,-26.25341426951302,50.256410256410255,-2.4124302870815826,-0.7095686098704768
206,-9.476493525628138,-70.16564254406809,-0.8017366498763875,-26.2898081087374,43.689320388349515,-3.0620456514537606,chg_1w,15,momentum,long_short,195,-0.5682979212236594,-6.828326843122556,0.2544372685688382,-16.752686562862262,51.28205128205128,0.7482026378526252,-0.8017366498763875
206,-10.44392517773164,-73.81647834065052,-0.8918048561332059,-31.195956604849183,46.116504854368934,-3.5118484436754143,chg_5m,10,reversion,long_short,195,7.426429888535124,143.26892217042567,1.6921288773271463,-12.96835008862569,54.35897435897436,4.539112713497769,-0.8918048561332059
206,-6.03605112334783,-53.06242797862806,-0.9012601014577591,-16.635129153754068,46.601941747572816,-2.2507800904347506,chg_15m,20,reversion,long_short,195,6.007021664868217,106.25317043219198,1.755652582195396,-6.542502740531242,50.256410256410255,3.4583811992877185,-0.9012601014577591
206,-9.927221588822343,-71.92103322865175,-0.9069097523626519,-19.840064202205987,48.54368932038835,-3.360227652751841,chg_15m,10,reversion,long_short,195,15.87025982580208,522.1381375032867,2.85078553050159,-7.609266737578491,52.307692307692314,8.66537429406534,-0.9069097523626519
206,-8.288980761939568,-65.04744842944345,-0.9564139084662145,-14.793400687124569,49.029126213592235,-2.974724287704459,chg_24h,20,reversion,long_short,195,13.136642276658094,362.60699887666084,3.0673554547038884,-10.706799932415901,55.38461538461539,6.951554713588452,-0.9564139084662145
206,12.374638913755076,312.612651952064,2.2675343263374965,-12.399427439942489,51.94174757281553,6.804895243734076,chg_5m,30,momentum,short_only,195,-6.558897986163103,-56.90980154704391,-0.9837466982553967,-18.315453055699503,46.15384615384615,-2.626132163987373,-0.9837466982553967
206,42.907888524390245,7550.607965938374,4.1152752910788895,-20.87709822520354,53.883495145631066,20.458305745696023,chg_1m,10,momentum,short_only,195,-9.807040876759022,-72.22230308895698,-1.0170966949828364,-25.388465046881393,48.717948717948715,-3.6944018940850305,-1.0170966949828364
206,-31.373169285419923,-98.96806764197609,-1.0203774386998714,-61.01247364305071,48.54368932038835,-9.195024451018206,chg_1w,10,momentum,long_only,195,37.072600521631486,4906.634771206378,3.2179369654328056,-28.68788797244113,52.820512820512825,21.565421673978527,-1.0203774386998714
206,-6.508874956295774,-55.85262861713369,-0.6145155041341994,-19.198512854947214,50.970873786407765,-1.9605564389666537,chg_1m,30,reversion,short_only,195,-9.413834594540615,-70.68151372875217,-1.1848205915026868,-24.09411416737933,48.717948717948715,-3.8166751683102977,-1.1848205915026868
206,-5.342607370656749,-48.67676009255677,-1.2079505610881904,-14.285241497832669,49.51456310679612,-2.2389427054832853,chg_30m,30,reversion,long_short,195,12.968539738659391,354.14887562952975,4.157793182698441,-8.027053076282264,51.7948717948718,6.554064378773385,-1.2079505610881904
206,44.50213837587034,8654.435638114986,4.677111234026762,-19.499645568874257,55.8252427184466,20.351226127084534,chg_30m,20,momentum,short_only,195,-9.985047326307296,-72.89503837731306,-1.3039375270405338,-23.01432204752625,49.743589743589745,-4.163188377212371,-1.3039375270405338
206,-9.237811118131878,-69.19582410015965,0.36937219361003343,-51.76291916307814,48.05825242718447,3.103162370310785,chg_1m,10,momentum,long_only,195,-23.4050323297041,-96.34460071841447,-1.4101329041269497,-47.45022525382097,43.07692307692308,-8.920602632282726,-1.4101329041269497
206,-13.917824010645374,-83.80819475980066,-1.4275699377536557,-21.281708001525356,50.0,-5.425432494843235,chg_24h,15,reversion,long_short,195,25.43339813151091,1564.5592831921124,4.5750698367355005,-12.077600431941892,54.871794871794876,12.531993293605158,-1.4275699377536557
206,0.9028684886448479,11.537707574251455,0.5390882251208512,-13.7485641974751,49.029126213592235,1.7458589738833454,chg_5m,20,reversion,short_only,195,-9.482421768003812,-70.95580773172566,-1.428450894483179,-23.81237500842125,47.69230769230769,-4.108264898715646,-1.428450894483179
206,-38.978446821332014,-99.75228669030543,-1.5596811414883904,-52.32500921635763,50.48543689320388,-13.103162370310798,chg_1m,10,reversion,short_only,195,-11.044300941525965,-76.59811140346993,-0.1706267847127115,-47.3338914819193,55.38461538461539,-1.0793973677172795,-1.5596811414883904
206,-11.934647308224521,-78.64664896044629,-1.6677043807409553,-23.815556136828576,46.116504854368934,-5.035559905538723,chg_15m,15,reversion,long_short,195,18.381849333917977,711.8243792709244,3.9619495153935937,-5.5178562451746345,51.28205128205128,9.322022349977376,-1.6677043807409553
206,73.12094928073319,78529.18313727767,6.551201277941053,-15.580308056948521,58.252427184466015,29.183827354866818,chg_30m,15,momentum,short_only,195,-14.520088675194497,-85.72951169840205,-1.6989724176277863,-29.850356005903954,49.23076923076923,-6.35371015631348,-1.6989724176277863
206,47.037014001398944,10713.798739806838,5.1019141500552765,-15.24873619751883,54.36893203883495,20.809448162334544,chg_1m,15,momentum,short_only,195,-11.361343558692916,-77.61237932098524,-1.7256853744601475,-20.0915966231071,48.205128205128204,-5.1214919466968984,-1.7256853744601475
206,-22.407210144223576,-95.41332513476952,-1.7898873676953848,-33.12493846303591,50.0,-8.971848535146787,chg_open_1d,10,reversion,long_short,195,38.37132933220322,5528.209213899909,4.816471280054068,-16.740231583371546,56.92307692307692,18.44187784975527,-1.7898873676953848
206,20.96083221534173,909.2706278076785,2.538552460397057,-23.742237267080657,50.970873786407765,11.780734058003402,chg_1m,10,momentum,long_short,195,-13.997097008811487,-84.60735359643967,-1.828825628280826,-20.905815421335827,44.61538461538462,-6.307502263183879,-1.828825628280826
206,-0.8629850717382648,-9.994057922040989,0.7807851587199673,-31.840398500432777,51.94174757281553,4.849909947971302,chg_1w,15,reversion,short_only,195,-22.448166023520276,-95.73570697449732,-1.905581103412634,-39.42589630188036,45.64102564102564,-9.820322979001881,-1.905581103412634
206,-1.645255528564138,-18.252575610286915,-0.12565210805500152,-12.607534826834243,52.42718446601942,-0.26098613370710094,chg_5m,20,momentum,long_short,195,-7.192711782735284,-60.39988789540489,-2.0015698471684478,-12.901056737739292,48.717948717948715,-3.466043019808922,-2.0015698471684478
206,-10.739178848657616,-74.84611615242159,-1.387489223824197,-16.51515094496091,50.48543689320388,-4.29062486734696,chg_1w,20,reversion,long_short,195,-10.198388423833949,-73.68156592393885,-2.082782151643685,-22.597635002262738,44.61538461538462,-4.8590006789622935,-2.082782151643685
206,-20.588746359475184,-93.92257084222491,-1.909337424289355,-42.385476664562226,45.14563106796117,-8.703476263389387,chg_1m,20,momentum,long_only,195,-19.00337991627954,-92.68722864960486,-2.1163864017678358,-32.276488071162845,46.666666666666664,-8.75160334722687,-2.1163864017678358
206,14.878257855259047,439.2594043292264,2.432180649611412,-15.8806056910886,55.8252427184466,8.19343069451615,chg_1w,30,reversion,short_only,195,-16.0593827782633,-88.61059674077619,-2.1903786327002055,-27.113111832275973,46.15384615384615,-7.546695690940736,-2.1903786327002055
206,-13.209586672422358,-82.11347997755661,-1.8462803708645357,-26.572620839362994,45.63106796116505,-5.709375132653045,chg_1w,20,momentum,long_short,195,-10.69060494424512,-75.4168352805532,-2.2036592161490294,-16.519655266814105,52.307692307692314,-5.140999321037713,-2.2036592161490294
206,2.4471754728152106,34.14016158622364,0.7822989833129851,-15.09446615230866,55.8252427184466,2.018579059414857,chg_5m,15,momentum,long_short,195,-9.8861262126271,-72.52306098280253,-2.2121238004551254,-15.851831003349604,48.205128205128204,-4.774751419289196,-2.2121238004551254
206,6.037079151084468,103.83222368144307,1.2347965457552177,-19.698077266360905,53.883495145631066,5.023224140004678,chg_15m,20,momentum,short_only,195,-15.264007418168735,-87.1964902425946,-2.257068447133423,-25.244278541815635,50.256410256410255,-7.249788429819396,-2.257068447133423
206,-28.06354434737015,-98.17127097468538,-2.2776394607175634,-34.68673184602952,46.601941747572816,-12.16924668926731,chg_24h,10,reversion,long_short,195,51.82714991364754,17704.552991518805,5.983106023849092,-21.31679102089903,54.35897435897436,23.254765603684387,-2.2776394607175634
206,-2.7109394655336905,-28.38632603329637,0.08527840079647175,-20.345596390730215,51.94174757281553,0.308514808595568,chg_1w,30,momentum,short_only,195,-10.93184835564025,-76.22832589207603,-2.3195959381680096,-18.881274313752627,48.717948717948715,-5.305700536411167,-2.3195959381680096
206,-32.27775643048815,-99.12169697717144,-2.352864187960654,-38.553112681717195,47.0873786407767,-13.999686422421945,chg_1m,15,reversion,short_only,195,5.36732474605266,91.32818273438814,1.1426478748868134,-35.95925377483194,54.35897435897436,5.597324842868948,-2.352864187960654
206,-20.108022320465523,-93.46022952085356,-2.356506838056474,-31.120199698077545,49.029126213592235,-9.055101686803289,chg_5m,15,momentum,long_only,195,-16.070880774142427,-88.62994226064434,-2.2317334193329117,-31.86449065761555,47.69230769230769,-7.587569712918423,-2.356506838056474
206,-32.90958408015891,-99.21622802345524,-2.390681356991788,-52.69004343946837,46.601941747572816,-14.849909947971314,chg_1w,15,momentum,long_only,195,-6.370707486955252,-55.82036190107497,-0.034865364068331565,-32.761973066825824,51.7948717948718,-0.1796770209981255,-2.390681356991788
206,142.7366819614176,4773068.784973519,9.240649121471144,-23.71783584081989,57.28155339805825,46.22377024605456,chg_30m,10,momentum,short_only,195,-24.212872339504766,-96.79528232381726,-2.4054127634803106,-39.42469652457225,52.820512820512825,-11.459673457358683,-2.4054127634803106
206,-17.403735633597194,-90.20068302179548,-2.519877834004494,-34.4637351332097,46.116504854368934,-8.039443561033353,chg_1m,30,momentum,long_only,195,-13.495768880895731,-83.45606219966366,-1.9195059211128105,-22.62490642964663,47.179487179487175,-6.183324831689705,-2.519877834004494
206,-19.7708519586565,-93.11693034826779,-2.5406902992334137,-26.44684656625982,50.0,-9.05065507510358,chg_open_1d,15,reversion,long_short,195,20.487950061660708,910.4233258155359,3.5745550177142826,-15.686780319949122,52.820512820512825,10.63045645588058,-2.5406902992334137
206,-8.406362285140368,-65.58706174542168,-2.6264341542712897,-11.998457557346697,49.029126213592235,-3.974576220367098,chg_5m,30,momentum,long_short,195,-3.1841159031484323,-33.07340974096543,-1.0685497247766693,-9.164609007797663,47.179487179487175,-1.4403926090008081,-2.6264341542712897
206,7.048457391157226,128.74774717940824,1.5211775838888415,-39.88131776148388,53.883495145631066,10.454468036308729,chg_5m,10,momentum,short_only,195,-23.578208090365095,-96.44585107930963,-2.6789394508586812,-40.3412628366414,49.743589743589745,-11.544378629572895,-2.6789394508586812
206,52.2614528666427,16426.814308687728,5.140096547271058,-19.765995745562982,55.33980582524271,22.900356508260348,chg_15m,10,momentum,short_only,195,-24.40664433300348,-96.89549654936907,-2.7092882390809288,-37.358053112640796,51.7948717948718,-11.97993659681204,-2.7092882390809288
206,-12.252681269634403,-79.56483876307468,-2.8316804802173934,-16.022979448504294,50.0,-5.811940318854311,chg_open_1d,30,reversion,long_short,195,10.401657901376549,241.4471332683664,3.1125315688328676,-10.130530319873344,51.28205128205128,5.4435712539948655,-2.8316804802173934
206,-21.80136263280039,-94.95880745520509,-2.8494374758398755,-29.93510711302183,45.63106796116505,-10.308514808595573,chg_1w,30,reversion,long_only,195,-9.866210402675202,-72.44760544673396,-2.0522978810353814,-22.103245098749714,46.15384615384615,-4.694299463588833,-2.8494374758398755
206,-15.55320666696305,-87.1738119200979,-2.9582757466422893,-22.020982000318213,47.57281553398058,-7.42445855089296,chg_30m,20,reversion,long_short,195,8.77978181959682,184.1579678876373,2.367911630378075,-8.777166863368201,49.23076923076923,4.813831049782807,-2.9582757466422893
206,-41.09728965063633,-99.83875180876186,-2.976227786927141,-60.08230021590404,41.74757281553398,-20.454468036308736,chg_5m,10,reversion,long_only,195,-1.3517137333988738,-15.539867591917034,0.35838194246570226,-36.58473657679009,47.179487179487175,1.5443786295728883,-2.976227786927141
206,20.16272562369601,831.2811951935936,2.8092336817089323,-18.626254286358957,53.398058252427184,10.761767292358064,chg_1m,20,momentum,short_only,195,-15.58683589319605,-87.788848902068,-3.0504040593716253,-19.394829384706803,46.666666666666664,-7.883277585880061,-3.0504040593716253
206,-19.874004838955383,-93.22367418851897,-3.1159143063366432,-31.97010849058105,45.14563106796117,-9.59468087898821,chg_15m,30,reversion,long_only,195,-0.07853320639561456,-0.9702358252447585,0.3150799522169576,-14.084429017173461,54.35897435897436,0.8570598376938802,-3.1159143063366432
206,-0.21726002901183428,-2.60764674874866,0.6722092668673504,-39.585134646522015,49.029126213592235,3.9996864224219415,chg_1m,15,momentum,long_only,195,-30.265408946410123,-98.85920859147954,-3.1840657074475947,-41.79388546011735,43.07692307692308,-15.597324842868954,-3.1840657074475947
206,-18.550551963265626,-91.73149252046564,-3.1860451268510963,-20.508971960780066,46.601941747572816,-8.951714413270649,chg_open_1d,20,reversion,long_short,195,17.37708113725429,630.3362979476638,3.77179345676615,-13.259449720982342,52.820512820512825,8.888270856298327,-3.1860451268510963
206,-25.50580587255539,-97.20434956974847,-3.2174256399802394,-29.223156443190145,48.05825242718447,-12.42589208565781,chg_30m,10,reversion,long_short,195,44.417414648423346,9468.970099471982,6.157488164821372,-10.548690998543076,55.8974358974359,20.153965571791062,-3.2174256399802394
206,-3.5415703441788793,-35.470663026307314,-0.45150451857640445,-14.652868203668678,51.94174757281553,-1.0575420570397143,chg_1w,30,reversion,long_short,195,-11.925154372172365,-79.31685067115883,-3.4048642724021163,-21.102153797277833,43.07692307692308,-6.120497577264787,-3.4048642724021163
206,50.02717399966294,13710.056694343373,4.005803302051868,-27.795450480486007,55.33980582524271,24.378909844014345,chg_24h,10,momentum,short_only,195,-28.33120202212124,-98.39801244529757,-3.5748502660285775,-35.54547064096114,47.69230769230769,-14.960014736330825,-3.5748502660285775
206,-34.720392535004926,-99.4378786954825,-2.4438998820387545,-45.37427978870085,42.23300970873786,-15.652692893005511,chg_1w,10,reversion,long_only,195,-26.98915565499821,-97.98326457319052,-3.5766724455238377,-40.60316053164572,44.1025641025641,-14.216132783302703,-3.5766724455238377
206,-33.986045816609845,-99.35605331442557,-3.582964979986406,-50.09957078888381,44.1747572815534,-17.351222396520836,chg_1w,20,momentum,long_only,195,-18.553153587944003,-92.16647318599135,-1.9148453465734334,-33.620046199232675,49.743589743589745,-8.26613712348789,-3.582964979986406
206,22.09905709469975,1030.8944669388572,2.83340373648319,-16.54755126885499,56.310679611650485,11.965701438668573,chg_15m,15,momentum,short_only,195,-24.652249395830815,-97.018376478307,-3.6068285634850468,-33.5203625593377,47.179487179487175,-12.950976537135057,-3.6068285634850468
206,-23.587882152241,-96.19285256775531,-3.62689905741132,-35.343179183859206,46.601941747572816,-11.745858973883353,chg_5m,20,momentum,long_only,195,-12.56812899627775,-81.1145712471735,-2.0485666048746447,-27.214962964937527,47.179487179487175,-5.89173510128436,-3.62689905741132
206,-16.613892831158417,-88.99958647708587,-1.8165673897637442,-19.386568836530348,52.9126213592233,-6.937954348546245,chg_1w,15,reversion,long_short,195,-20.55183045916249,-94.24494247881505,-3.6550837738937125,-33.273741991536355,44.61538461538462,-10.748202637852627,-3.6550837738937125
206,-22.28918914155319,-95.32784935328749,-3.6790437146724955,-27.15576831155818,45.63106796116505,-11.105046284459036,chg_30m,15,reversion,long_short,195,19.40261934753138,803.09899512996,3.894464088716544,-10.491856387151044,53.333333333333336,9.871317652524539,-3.6790437146724955
206,28.61283163986834,2026.3623271112187,3.2688737970532404,-24.87014563483826,51.45631067961165,14.812238528838316,chg_open_1d,15,momentum,short_only,195,-24.583646891875965,-96.98451168924832,-3.692361229593098,-33.07454727130917,47.179487179487175,-12.965402693753282,-3.692361229593098
206,-29.564744124685284,-98.584590071454,-3.6929718358470267,-42.406121252846475,44.1747572815534,-15.023224140004679,chg_15m,20,reversion,long_only,195,-7.499429956733417,-61.993751344205464,-0.8562202632650568,-23.550866797840243,47.179487179487175,-2.7502115701806122,-3.6929718358470267
206,-36.26227964180605,-99.57954776871814,-3.729154315116632,-42.777593669045324,46.116504854368934,-18.725818645063796,chg_1w,15,reversion,long_only,195,-22.65858102869536,-95.8770874436347,-3.3171907025561524,-37.83614535922752,45.64102564102564,-11.676082296703374,-3.729154315116632
206,-31.262530184252903,-98.9476740277492,-3.739266646496891,-36.991473597850586,45.63106796116505,-15.932472131214755,chg_1w,20,reversion,long_only,195,-16.11705186216491,-88.70732184243599,-2.7374138830078896,-29.33559309428615,47.69230769230769,-7.984138481412468,-3.739266646496891
206,-15.744025181413567,-87.52150315969092,-3.7578873693248505,-18.506381474138934,43.203883495145625,-7.774403894854044,chg_1m,30,reversion,long_short,195,-5.167691059594048,-48.235746472559995,-1.4767675138473173,-14.070185160444082,53.333333333333336,-2.4012733901723338,-3.7578873693248505
206,-17.981733661954134,-91.00201744797539,-3.8178719622064223,-26.126373286410754,43.203883495145625,-8.94245794296029,chg_1w,30,momentum,long_short,195,-7.988375521998781,-64.41303342834772,-2.158187145263391,-13.108841194416188,49.743589743589745,-3.879502422735217,-3.8178719622064223
206,-26.87142023602188,-97.76711476253206,-3.822214567227299,-37.368672888850185,40.77669902912621,-13.615502093213259,chg_24h,30,reversion,long_only,195,-0.6339347526651884,-7.58872412946644,0.12906717448599583,-20.00524155654526,50.76923076923077,0.29212773403585124,-3.822214567227299
206,0.2542143866582469,3.132457941129152,0.37850168243607457,-19.77975105885402,50.48543689320388,1.0291455144843384,chg_1m,20,momentum,long_short,195,-15.91360674661968,-88.36268840454575,-3.8266155450911117,-17.588172456961725,46.666666666666664,-8.317440466553466,-3.8266155450911117
206,25.516338547680185,1481.456959219013,3.689829034428234,-16.94716307545304,54.36893203883495,12.404567292378244,chg_1m,15,momentum,long_short,195,-19.664427501342953,-93.39435753169853,-3.862219867022644,-21.015448584696884,44.1025641025641,-10.359408394782925,-3.862219867022644
206,8.560322190620727,171.23744766564468,1.9162785424783821,-9.255192242417076,48.05825242718447,4.7540476844682695,chg_5m,30,reversion,short_only,195,-18.53007009186087,-92.1388765738228,-3.8880376066738256,-26.57694313143294,47.69230769230769,-9.745346945985759,-3.8880376066738256
206,23.345239364894034,1179.3749322663673,2.9024114862677166,-16.340571653098845,51.45631067961165,12.551049250527793,chg_24h,20,momentum,short_only,195,-20.45262305913431,-94.15512210625806,-3.919926275340312,-26.177281319362077,44.61538461538462,-10.810929507820795,-3.919926275340312
206,-3.278861715223602,-33.30287412588204,-0.13162914574451315,-14.673711586052928,50.970873786407765,-0.4053191210117911,chg_15m,30,momentum,short_only,195,-20.47738947353516,-94.17766503141497,-3.9913687988015076,-27.369011804379284,43.58974358974359,-10.857059837693882,-3.9913687988015076
206,34.5157616680807,3567.7297072003626,4.321834501732694,-19.13353968684648,53.398058252427184,16.15586235834133,chg_open_1d,20,momentum,short_only,195,-22.984776753906246,-96.08776425320076,-4.036741786533713,-35.34572128668665,47.69230769230769,-12.268358490854721,-4.036741786533713
206,16.501277831073136,539.4646222280662,2.7942033123627614,-17.068764649738288,51.45631067961165,8.598370469228128,chg_open_1d,30,momentum,short_only,195,-18.65834513195621,-92.29110682987923,-4.0391676411857,-26.896716778231998,44.61538461538462,-9.865513410516701,-4.0391676411857
206,-26.58313937187874,-97.65779911514844,-4.039208526308057,-32.24796895386537,47.0873786407767,-13.588251350741439,chg_1m,30,reversion,long_only,195,-2.975156137917745,-31.258570408131792,-0.45710178791772305,-18.21126616335026,53.333333333333336,-0.9858716120343655,-4.039208526308057
206,-21.862580076844075,-95.00654242791022,-4.0563264128458085,-24.299384254783675,45.14563106796117,-11.029145514484346,chg_1m,20,reversion,long_short,195,-4.30009792463093,-42.04201724429496,-0.774097331038155,-16.39532213894196,47.69230769230769,-1.6825595334465413,-4.0563264128458085
206,-43.83483577545063,-99.9095502762779,-4.082216093436905,-47.34041261976852,44.66019417475729,-23.792707468769233,chg_open_1d,10,reversion,long_only,195,21.77371988498504,1052.6900406283887,2.759620308563719,-32.21541000519915,50.256410256410255,12.592722812357474,-4.082216093436905
206,4.5660359519285265,72.01515165744556,1.0666343355254713,-21.592138102121773,51.94174757281553,3.5882513507414284,chg_1m,30,momentum,short_only,195,-17.034610020901177,-90.14814119380682,-4.179422708152152,-19.027567384682154,43.07692307692308,-9.014128387965636,-4.179422708152152
206,39.303576921844986,5509.466962563297,3.8996291420017095,-19.009112688212994,52.9126213592233,19.133551659585073,chg_24h,15,momentum,short_only,195,-26.406525257820036,-97.77419465216354,-4.4420660355463,-31.486671944880573,44.61538461538462,-14.437131734305089,-4.4420660355463
206,-41.65900562316387,-99.85647102924223,-4.5280422313388815,-55.99856973061821,42.71844660194174,-23.09225980563301,chg_5m,15,reversion,long_only,195,-16.9682865088573,-90.04995754760992,-2.289112634779932,-31.584864059476025,47.69230769230769,-8.038066874340032,-4.5280422313388815
206,4.235593077870492,65.52644228349523,1.014962553265574,-13.751526932903024,54.85436893203883,3.615502093213255,chg_24h,30,momentum,short_only,195,-19.17023119073482,-92.87199210025337,-4.547243179307098,-22.193355557634476,43.07692307692308,-10.292127734035855,-4.547243179307098
206,-23.246324688195553,-95.98088342538453,-4.657792388757098,-30.12014488880188,41.262135922330096,-12.018579059414865,chg_5m,15,reversion,long_short,195,-10.671730172575987,-75.35228251682996,-2.4208373868404407,-13.79487828583329,47.179487179487175,-5.225248580710809,-4.657792388757098
206,-5.517191942946475,-49.81498208464744,-1.0757788771795722,-17.760243797450837,50.48543689320388,-2.225596105145958,chg_1m,30,momentum,long_short,195,-14.309552533982329,-85.28714557762495,-4.673167432715905,-13.9634575875614,43.07692307692308,-7.598726609827673,-4.673167432715905
206,-19.077661770957675,-92.35861987974941,-4.6888606888592665,-24.43736700100959,41.74757281553398,-9.7390138662929,chg_5m,20,reversion,long_short,195,-12.584914381641054,-81.15951626777932,-3.773228202738019,-16.38669273931991,45.64102564102564,-6.533956980191082,-4.6888606888592665
206,-39.88162200712691,-99.7933307789615,-4.693386317012688,-41.25921163783745,46.601941747572816,-21.780734058003407,chg_1m,10,reversion,long_short,195,-9.535198993993443,-71.16526606537752,-1.070619432493008,-29.425679083320986,52.820512820512825,-3.6924977368161307,-4.693386317012688
206,-23.57803053553593,-96.1868852554972,-0.08932862476457164,-48.847370881018925,50.970873786407765,-0.8049755489817949,chg_1w,10,reversion,short_only,195,-51.48311647397277,-99.98735387011008,-4.710111342581975,-61.532369715819634,45.12820512820513,-31.565421673978538,-4.710111342581975
206,-42.059081575119926,-99.86798160653693,-4.755994987075523,-47.20818306044232,46.116504854368934,-23.430771148957916,chg_5m,10,momentum,long_only,195,-32.08464180696815,-99.17825483177671,-4.030207942337502,-43.868185051694894,47.69230769230769,-17.53384679742266,-4.755994987075523
206,21.5305120846107,968.5561339320161,2.366473528705547,-34.495924151978095,52.9126213592233,13.792707468769228,chg_open_1d,10,momentum,short_only,195,-38.776526760969574,-99.77318586974944,-4.951060833130539,-43.85130140886526,47.69230769230769,-22.592722812357486,-4.951060833130539
206,-38.70570984574741,-99.73849617523956,-1.873136161530337,-65.5839749699161,45.14563106796117,-15.84901039847568,chg_open_1d,10,momentum,long_only,195,-53.94322524876003,-99.99337018618452,-5.093706532812848,-62.4131800468005,42.05128205128205,-34.291032887153065,-5.093706532812848
206,-39.234842533263794,-99.76463911780728,-5.20134158869026,-49.17601457208101,41.74757281553398,-21.965701438668578,chg_15m,15,reversion,long_only,195,2.7613511981973593,40.21900623282415,0.8218427725348524,-19.664048804081645,50.256410256410255,2.950976537135052,-5.20134158869026
206,16.077884219561646,511.7969295058755,2.6126072932600404,-14.574783650970957,54.36893203883495,8.62468100116559,chg_30m,30,momentum,short_only,195,-25.21386463114127,-97.2827443088075,-5.2052366994896495,-29.271767614985656,40.0,-14.016389219232513,-5.2052366994896495
206,-40.11315433227068,-99.80279532835537,-5.214896624628294,-46.39860621970361,46.116504854368934,-22.5510492505278,chg_24h,20,reversion,long_only,195,-0.20533452049579237,-2.5185454871838875,0.2940342810353094,-24.77043238002513,50.76923076923077,0.8109295078207891,-5.214896624628294
206,-37.992137457512555,-99.69901470968695,-5.257034350407622,-49.073744888999684,42.71844660194174,-21.223886706469155,chg_5m,20,reversion,long_only,195,-17.868120486685022,-91.30842961557461,-2.934395497288305,-28.331838998302327,47.69230769230769,-8.959649061666521,-5.257034350407622
206,-33.20698264938612,-99.25740809391084,-5.400632742871036,-44.71504730932276,42.71844660194174,-18.193430694516156,chg_1w,30,momentum,long_only,195,-7.303210530801085,-60.98104389583956,-0.7120553892911651,-21.437747652502747,50.76923076923077,-2.453304309059269,-5.400632742871036
206,-37.228901232504306,-99.65078753731112,-5.4196169072445475,-39.94570290630436,44.1747572815534,-20.761767292358066,chg_1m,20,reversion,long_only,195,-5.542902161777996,-50.72082000313558,-0.8190576285375798,-19.612217214801497,47.69230769230769,-2.116722414119943,-5.4196169072445475
206,-16.139868805972124,-88.21535291861457,-1.6476124064177524,-32.82450804051754,51.45631067961165,-6.488151556324591,chg_5m,10,momentum,long_short,195,-25.969270135457645,-97.60439921953915,-5.420013563458282,-31.34974875526071,41.02564102564102,-14.539112713497778,-5.420013563458282
206,-34.70215765053118,-99.43596816693616,-2.850454201458603,-56.367626406127535,45.14563106796117,-16.71092837863116,chg_open_1d,15,momentum,long_only,195,-45.97674233600665,-99.95198796021806,-5.454960263155584,-54.62196088185027,43.07692307692308,-28.29551021800788,-5.454960263155584
206,-45.5295226645448,-99.93766076431848,-5.45687233815261,-59.66329538785693,44.66019417475729,-26.601600675118892,chg_24h,20,momentum,long_only,195,-39.04444241146049,-99.78520038623225,-5.3245293151521,-49.872953786117,45.12820512820513,-23.092179919356116,-5.45687233815261
206,-43.11541222005473,-99.8944255268993,-5.475747383843644,-47.351298485246154,44.66019417475729,-24.81223852883832,chg_open_1d,15,reversion,long_only,195,2.9413524337817076,43.29769630677425,0.8445042699538303,-32.11271686534636,49.23076923076923,2.9654026937532785,-5.475747383843644
206,-30.880863948865112,-98.87445091819826,-5.599744808821316,-41.012952924033144,45.14563106796117,-16.804895243734077,chg_5m,30,reversion,long_only,195,-14.848592012136997,-86.39537396220072,-2.7622441233250794,-20.523734417239105,51.7948717948718,-7.373867836012631,-5.599744808821316
206,-33.74233487387933,-99.32657057931495,-5.641829235389795,-42.75376526538489,42.71844660194174,-18.624681001165595,chg_30m,30,reversion,long_only,195,6.315108295438421,113.81664284159685,1.4915579352417816,-15.474545147393359,54.35897435897436,4.016389219232505,-5.641829235389795
206,-55.25648151034477,-99.99428646665997,-5.648946218483548,-59.4757357925226,42.71844660194174,-34.37890984401435,chg_24h,10,reversion,long_only,195,5.7067115236578925,99.11810158566558,1.1852468271048484,-30.950241219384502,48.205128205128204,4.960014736330817,-5.648946218483548
206,-49.012384264648965,-99.97206535711724,-4.640053683159858,-65.89777023808043,45.14563106796117,-28.282686669898624,chg_24h,15,momentum,long_only,195,-48.64425108268886,-99.97438850034017,-5.678890632586272,-60.883715582203436,45.12820512820513,-30.62685485290525,-5.678890632586272
206,-48.44896599447412,-99.9680755184987,-5.937739583482745,-54.71687073153419,44.66019417475729,-29.13355165958508,chg_24h,15,reversion,long_only,195,6.366616264183911,115.10575430911345,1.3652318573340205,-22.917525905682943,50.76923076923077,4.437131734305084,-5.937739583482745
206,-27.385243672742753,-97.95042088642543,-5.947114305314687,-33.707888947047415,47.57281553398058,-14.754047684468272,chg_5m,30,momentum,long_only,195,-1.9498528605746301,-21.67985033941636,-0.10159727058968944,-16.772002619919014,49.743589743589745,-0.2546530540142432,-5.947114305314687
206,-56.82331997583452,-99.99629459539965,-5.985459871758307,-58.975984245252235,43.689320388349515,-36.179901202756675,chg_15m,10,momentum,long_only,195,-42.04677185135477,-99.88523389873242,-5.498274307047356,-53.539077008989544,46.15384615384615,-25.350811991318654,-5.985459871758307
206,-33.49032297688254,-99.29478521487054,-6.043892683578698,-35.72727889387301,47.0873786407767,-18.598370469228136,chg_open_1d,30,reversion,long_only,195,-1.6487583486753277,-18.642326957317934,-0.05506189671135668,-26.69283473078623,50.76923076923077,-0.1344865894833011,-6.043892683578698
206,-34.85718819144876,-99.45202294254666,-3.9599413461467465,-52.78725484303393,45.14563106796117,-18.25243353180004,chg_open_1d,20,momentum,long_only,195,-41.66786783479952,-99.87556676208456,-6.120439954533522,-49.155543600741524,44.61538461538462,-25.50818322174195,-6.120439954533522
206,-49.919677352428785,-99.97753976123256,-6.126817860748744,-49.52623734460002,43.689320388349515,-30.458305745696027,chg_1m,10,reversion,long_only,195,-14.265603231696943,-85.19322593116766,-1.7359786989294301,-34.32291054985208,50.76923076923077,-6.305598105914975,-6.126817860748744
206,-21.71141816610619,-94.88791229283318,-1.5687938734224383,-30.304846209332524,52.42718446601942,-8.228834220993646,chg_1w,10,reversion,long_short,195,-38.10548450953579,-99.74033036113354,-6.133902988365933,-47.42768476575051,44.1025641025641,-22.890777228640616,-6.133902988365933
206,-15.809697511106858,-87.63914982320229,-1.7920435510539892,-26.189777585218977,48.05825242718447,-6.639772347248168,chg_15m,10,momentum,long_short,195,-32.03322004857073,-99.17050019098807,-6.140644033733252,-37.74769453602457,43.58974358974359,-18.665374294065344,-6.140644033733252
206,-36.870600133899735,-99.62578610694752,-5.417658149606463,-45.587056089959376,44.1747572815534,-20.52166395913519,chg_15m,20,momentum,long_only,195,-33.471340213058845,-99.36385811287978,-6.218457624745671,-37.51977114259103,45.12820512820513,-19.666973968756054,-6.218457624745671
206,-12.191229472956632,-79.39029812520147,-3.981651862075653,-16.106358728794135,44.66019417475729,-6.025423779632905,chg_5m,30,reversion,long_short,195,-15.739280523788624,-88.05971703571385,-6.349911867565965,-16.954277338586408,46.666666666666664,-8.559607390999195,-6.349911867565965
206,-31.397263889544803,-98.9724605182022,-5.185473955825591,-45.92300354322744,43.203883495145625,-16.974489831519513,chg_open_1d,30,momentum,long_only,195,-35.24976512839816,-99.54551324380942,-6.563556234604077,-38.878251159840985,44.1025641025641,-21.021629097473035,-6.563556234604077
206,-35.01113259981131,-99.46754926482943,-6.624791087495505,-42.29678107876814,43.203883495145625,-19.787875717703248,chg_15m,30,momentum,long_only,195,-20.521239248928836,-94.2173820825901,-4.126720736023205,-28.58982568123688,49.743589743589745,-10.924628102384847,-6.624791087495505
206,-38.87383337194931,-99.74707798552916,-6.664401986034037,-39.63446495112479,43.203883495145625,-22.404567292378246,chg_1m,15,reversion,long_short,195,-0.9921271065369219,-11.638776570609732,0.13399551304535648,-19.088609344613396,52.307692307692314,0.35940839478291986,-6.664401986034037
206,-39.69349986938751,-99.78533575958072,-4.7527807500903,-47.796876320408344,44.1747572815534,-21.894581627591123,chg_15m,15,momentum,long_only,195,-41.49904449761503,-99.8710230239686,-6.742474324530832,-50.542754808723814,45.12820512820513,-25.693068162819706,-6.742474324530832
206,-16.12651997701714,-88.19254365522382,-3.1029520616402193,-22.02611237102383,45.63106796116505,-7.749219909565254,chg_15m,20,momentum,long_short,195,-23.79643914425672,-96.56977099661496,-6.83216809921529,-27.2628698191252,45.64102564102564,-13.458381199287725,-6.83216809921529
206,-42.99106323072191,-99.89158743098501,-6.836794703741492,-52.47765671640998,44.1747572815534,-25.502309025298626,chg_30m,20,momentum,long_only,195,-41.17159348897537,-99.86177220568872,-6.783079811398823,-42.27836274660278,42.56410256410256,-25.464473722353254,-6.836794703741492
206,-4.993665318290875,-46.33048902418483,-0.26649910103697294,-28.236853473924363,46.601941747572816,-0.9493449248964252,chg_open_1d,15,momentum,long_short,195,-34.52400081501419,-99.47809076667995,-6.937115254473357,-38.487546133097425,42.56410256410256,-20.63045645588058,-6.937115254473357
206,-49.00110589343112,-99.97199019793864,-6.975307521965506,-57.592044475485,41.262135922330096,-30.351226127084537,chg_30m,20,reversion,long_only,195,-12.871945169213872,-81.91301774172689,-1.828127152467528,-29.916477989183264,48.717948717948715,-5.836811622787639,-6.975307521965506
206,-43.748018936600396,-99.90783706350653,-6.996921975166954,-45.6734551922386,44.66019417475729,-26.155862358341338,chg_open_1d,20,reversion,long_only,195,2.284638871614808,32.35685155550063,0.7463734870233504,-33.851504564416814,48.205128205128204,2.2683584908547116,-6.996921975166954
206,-21.04301468284948,-94.33171003829911,-4.684691925614437,-29.673355971253734,46.116504854368934,-10.802117563869173,chg_24h,30,momentum,long_short,195,-22.27899038310801,-95.61881796234726,-7.1260698436219165,-24.55742692431985,40.0,-12.544001625405075,-7.1260698436219165
206,-19.508519577936678,-92.83847561825428,-5.425981955607464,-21.69116989933165,44.1747572815534,-10.09659741935752,chg_15m,30,momentum,long_short,195,-19.581184099416994,-93.30891094090413,-7.170725797173133,-22.203939505558623,42.05128205128205,-10.890843970039366,-7.170725797173133
206,-45.303274298359256,-99.93444127175746,-2.1959599387662325,-68.48417505127041,47.57281553398058,-20.04041646547975,chg_24h,10,momentum,long_only,195,-67.60425346366823,-99.99991582216639,-7.243980831488178,-72.29706050655396,44.61538461538462,-51.549516471037975,-7.243980831488178
206,-42.3465123819109,-99.87572141937406,-7.259077108268361,-53.53495706884597,40.77669902912621,-25.21973722095159,chg_24h,30,momentum,long_only,195,-27.131767995424937,-98.03160981592171,-4.30924907416711,-36.88906598358002,44.1025641025641,-14.795875516774295,-7.259077108268361
206,-6.70315492692537,-56.95431938537915,-1.0262245726254244,-22.209813865487927,48.05825242718447,-2.5755414491070447,chg_30m,20,momentum,long_short,195,-25.830540660142965,-97.54808886545572,-7.2868869867834745,-28.24915006475983,45.64102564102564,-14.813831049782813,-7.2868869867834745
206,-51.81580865581503,-99.98594680481791,-7.384645249129468,-52.87071843777576,41.74757281553398,-32.90035650826035,chg_15m,10,reversion,long_only,195,-0.7309571891571665,-8.702275129558624,0.44776688862412006,-27.33167055358504,44.61538461538462,1.979936596812032,-7.384645249129468
206,-7.940769713159767,-63.4006749976356,-0.20511662806266626,-37.15517401300309,48.05825242718447,-1.0281514648532182,chg_open_1d,10,momentum,long_short,195,-44.559281951715626,-99.93378782748454,-7.428174556311257,-47.77930531080853,42.56410256410256,-28.441877849755276,-7.428174556311257
206,-45.67089429076911,-99.93959812686309,-5.911826482929312,-53.31572983439104,42.23300970873786,-26.973734785948754,chg_30m,15,momentum,long_only,195,-50.31319598383337,-99.98300279544694,-7.459565096209461,-51.10504906191493,42.56410256410256,-33.38892514873561,-7.459565096209461
206,-15.573865487519834,-87.21187899255321,-2.2587207257565156,-28.271835472469476,48.05825242718447,-7.025275712295544,chg_24h,20,momentum,long_short,195,-29.02883698948585,-98.58114061497061,-7.479829471067483,-31.52427152786853,40.0,-16.95155471358846,-7.479829471067483
206,-49.2596815878838,-99.97366754007483,-7.553643821238884,-49.86693247912485,41.74757281553398,-30.80944816233455,chg_1m,15,reversion,long_only,195,-10.940891940139942,-76.25826198876845,-1.643812015012714,-24.887935995585476,46.15384615384615,-4.878508053303106,-7.553643821238884
206,-0.07744178700033189,-0.9367487766517413,0.3660960506711866,-22.58185774210538,50.48543689320388,1.1050462844590296,chg_30m,15,momentum,long_short,195,-33.169663601421284,-99.32711957724352,-7.839696352334925,-36.78124987057314,44.1025641025641,-19.871317652524542,-7.839696352334925
206,-4.065888673855477,-39.605111385468305,-0.37310006005062446,-22.72416929604393,47.0873786407767,-1.04828558672936,chg_open_1d,20,momentum,long_short,195,-31.73339282367884,-99.1239288403405,-8.015356144882725,-35.243846568298224,43.07692307692308,-18.888270856298337,-8.015356144882725
206,-40.63096379114055,-99.82254020935758,-8.017367255801169,-46.03123206959056,41.74757281553398,-24.146795590199027,chg_30m,30,momentum,long_only,195,-32.599944414752436,-99.25236714668215,-6.279243133524114,-33.38265652686777,46.15384615384615,-19.09173953831426,-8.017367255801169
206,-11.822657531368641,-78.31441665817587,-1.644150531175812,-22.327902687080005,50.0,-4.964440094461278,chg_15m,15,momentum,long_short,195,-32.30900171381461,-99.21131576176158,-8.21204607883212,-36.70882892547497,43.07692307692308,-19.322022349977384,-8.21204607883212
206,-12.241363820959783,-79.53279624273083,-1.2036856148876007,-30.141288147376912,47.57281553398058,-4.574567505156772,chg_24h,15,momentum,long_short,195,-36.71532338984562,-99.65791648631904,-8.225781842039616,-40.3483402518102,42.05128205128205,-22.53199329360516,-8.225781842039616
206,-2.4729681657676084,-26.22903733300477,0.40600392001779795,-32.203989681217614,50.0,2.1692466892673017,chg_24h,10,momentum,long_short,195,-49.60225035758179,-99.97972561481151,-8.55595759578717,-52.01080253687452,43.07692307692308,-33.25476560368439,-8.55595759578717
206,-57.66171166434814,-99.99708002005393,-8.796006662197328,-63.67654630000427,38.83495145631068,-39.18382735486683,chg_30m,15,reversion,long_only,195,-9.872036492960678,-72.46969859368355,-0.9750123500588098,-31.965999396282996,47.179487179487175,-3.6462898436865228,-8.796006662197328
206,-9.243820633635702,-69.22059292892955,-2.04049701106076,-23.34186276432053,42.71844660194174,-4.1880596811456945,chg_open_1d,30,momentum,long_short,195,-26.552006587776056,-97.82818698400058,-8.830343320720344,-28.080367629665382,45.12820512820513,-15.44357125399487,-8.830343320720344
206,1.1686136555916216,15.159228169542338,0.6281341687515032,-36.12772287106697,48.05825242718447,2.4258920856578023,chg_30m,10,momentum,long_short,195,-45.8921159725912,-99.95104622509034,-9.212712280833477,-49.99692082424545,42.56410256410256,-30.153965571791073,-9.212712280833477
206,-61.44937284976124,-99.999064778253,-6.684274697707867,-68.11824232718313,43.203883495145625,-41.37198607473895,chg_30m,10,momentum,long_only,195,-63.798754255496306,-99.99966596154026,-9.638202833893933,-63.248457899801494,39.48717948717949,-48.848257686223455,-9.638202833893933
206,-15.532969031638766,-87.13642014285398,-4.187232433679199,-22.038236408661472,45.14563106796117,-7.761057294516721,chg_30m,30,momentum,long_short,195,-28.03046468898828,-98.31256312452574,-10.501632581292489,-29.040247196523737,42.05128205128205,-16.554064378773386,-10.501632581292489
206,-70.68252518955376,-99.99996639515498,-11.239761065884611,-71.46850276498711,41.74757281553398,-56.22377024605457,chg_30m,10,reversion,long_only,195,-2.438449882081606,-26.387853332560084,0.3063889366401947,-35.32263640499585,46.15384615384615,1.4596734573586747,-11.239761065884611
